INSERT INTO users (id, name, age) VALUES (1, "Lucy", 34);
INSERT INTO users (id, name, age) VALUES (2, "Stephan", 38);
INSERT INTO users (id, name, age) VALUES (3, "Gloria", 15);
INSERT INTO users (id, name, age) VALUES (4, "Mike", 23);
INSERT INTO users (id, name, age) VALUES (5, "Nick", 19);
INSERT INTO users (id, name, age) VALUES (6, "Mary", 40);
INSERT INTO users (id, name, age) VALUES (7, "Brian", 33);
INSERT INTO users (id, name, age) VALUES (8, "Justin", 21);
INSERT INTO users (id, name, age) VALUES (9, "Cathy", 37);
INSERT INTO users (id, name, age) VALUES (10, "Joy", 55);
INSERT INTO users (id, name, age) VALUES (11, "Maria", 71);
INSERT INTO users (id, name, age) VALUES (12, "Ana", 35);
INSERT INTO users (id, name, age) VALUES (13, "Alex", 64);
INSERT INTO users (id, name, age) VALUES (14, "Bob", 83);
INSERT INTO users (id, name, age) VALUES (15, "David", 51);
INSERT INTO users (id, name, age) VALUES (16, "Carol", 39);
INSERT INTO users (id, name, age) VALUES (17, "Becky", 77);
INSERT INTO users (id, name, age) VALUES (18, "Kim", 43);
INSERT INTO users (id, name, age) VALUES (19, "Tom", 68);
INSERT INTO users (id, name, age) VALUES (20, "Penny", 18);

INSERT INTO projects (id, title, category, funding_goal, start_date, end_date) VALUES (1, "Lulu the Beaver", "book", 20000, "03/28/2021", "05/15/2021");
INSERT INTO projects (id, title, category, funding_goal, start_date, end_date) VALUES (2, "ChessUp", "technology", 30000, "04/18/2021", "04/22/2021");
INSERT INTO projects (id, title, category, funding_goal, start_date, end_date) VALUES (3, "Nai Nai", "film", 2500, "04/19/2021", "04/21/2021");
INSERT INTO projects (id, title, category, funding_goal, start_date, end_date) VALUES (4, "Green Salt", "food", 5000, "04/16/2021", "04/23/2021");
INSERT INTO projects (id, title, category, funding_goal, start_date, end_date) VALUES (5, "Marvel United: X-Men", "games", 300000, "04/15/2021", "05/05/2021");
INSERT INTO projects (id, title, category, funding_goal, start_date, end_date) VALUES (6, "Lady Of The House", "music", 35004, "04/15/2021", "05/06/2021");
INSERT INTO projects (id, title, category, funding_goal, start_date, end_date) VALUES (7, "Vanishing Asia", "book", 75000, "04/07/2021", "05/04/2021");
INSERT INTO projects (id, title, category, funding_goal, start_date, end_date) VALUES (8, "Vesta Pillow", "product design", 10000, "03/26/2021", "05/16/2021");
INSERT INTO projects (id, title, category, funding_goal, start_date, end_date) VALUES (9, "JoGo", "product design", 10000, "03/24/2021", "05/14/2021");
INSERT INTO projects (id, title, category, funding_goal, start_date, end_date) VALUES (10, "Kane", "footwear", 35000, "02/27/2021", "04/22/2021");

INSERT INTO pledges (id, amount, user_id, project_id) VALUES (1, 500, 5, 7);
INSERT INTO pledges (id, amount, user_id, project_id) VALUES (2, 100, 3, 2);
INSERT INTO pledges (id, amount, user_id, project_id) VALUES (3, 80, 18, 5);
INSERT INTO pledges (id, amount, user_id, project_id) VALUES (4, 1000, 2, 9);
INSERT INTO pledges (id, amount, user_id, project_id) VALUES (5, 750, 1, 4);
INSERT INTO pledges (id, amount, user_id, project_id) VALUES (6, 150, 20, 1);
INSERT INTO pledges (id, amount, user_id, project_id) VALUES (7, 50, 17, 3);
INSERT INTO pledges (id, amount, user_id, project_id) VALUES (8, 300, 8, 6);
INSERT INTO pledges (id, amount, user_id, project_id) VALUES (9, 1500, 4, 10);
INSERT INTO pledges (id, amount, user_id, project_id) VALUES (10, 650, 19, 8);
INSERT INTO pledges (id, amount, user_id, project_id) VALUES (11, 110, 6, 5);
INSERT INTO pledges (id, amount, user_id, project_id) VALUES (12, 550, 15, 9);
INSERT INTO pledges (id, amount, user_id, project_id) VALUES (13, 350, 13, 7);
INSERT INTO pledges (id, amount, user_id, project_id) VALUES (14, 200, 11, 1);
INSERT INTO pledges (id, amount, user_id, project_id) VALUES (15, 250, 3, 2);
INSERT INTO pledges (id, amount, user_id, project_id) VALUES (16, 550, 1, 4);
INSERT INTO pledges (id, amount, user_id, project_id) VALUES (17, 900, 12, 6);
INSERT INTO pledges (id, amount, user_id, project_id) VALUES (18, 450, 10, 10);
INSERT INTO pledges (id, amount, user_id, project_id) VALUES (19, 500, 13, 3);
INSERT INTO pledges (id, amount, user_id, project_id) VALUES (20, 100, 7, 9);
INSERT INTO pledges (id, amount, user_id, project_id) VALUES (21, 650, 19, 1);
INSERT INTO pledges (id, amount, user_id, project_id) VALUES (22, 300, 2, 5);
INSERT INTO pledges (id, amount, user_id, project_id) VALUES (23, 450, 15, 8);
INSERT INTO pledges (id, amount, user_id, project_id) VALUES (24, 750, 14, 7);
INSERT INTO pledges (id, amount, user_id, project_id) VALUES (25, 75, 5, 10);
INSERT INTO pledges (id, amount, user_id, project_id) VALUES (26, 550, 19, 4);
INSERT INTO pledges (id, amount, user_id, project_id) VALUES (27, 150, 6, 2);
INSERT INTO pledges (id, amount, user_id, project_id) VALUES (28, 100, 9, 6);
INSERT INTO pledges (id, amount, user_id, project_id) VALUES (29, 55, 3, 3);
INSERT INTO pledges (id, amount, user_id, project_id) VALUES (30, 300, 20, 10);